./dataset/images/PV01_rooftop_brick (101).bmp,PV01,PV01_rooftop_brick
./dataset/images/PV01_rooftop_brick (102).bmp,PV01,PV01_rooftop_brick
./dataset/images/PV01_rooftop_brick (103).bmp,PV01,PV01_rooftop_brick
./dataset/images/PV01_rooftop_brick (104).bmp,PV01,PV01_rooftop_brick
./dataset/images/PV01_rooftop_brick (105).bmp,PV01,PV01_rooftop_brick
./dataset/images/PV01_rooftop_brick (106).bmp,PV01,PV01_rooftop_brick
./dataset/images/PV01_rooftop_brick (107).bmp,PV01,PV01_rooftop_brick
./dataset/images/PV01_rooftop_brick (108).bmp,PV01,PV01_rooftop_brick
./dataset/images/PV01_rooftop_brick (109).bmp,PV01,PV01_rooftop_brick
./dataset/images/PV01_rooftop_brick (110).bmp,PV01,PV01_rooftop_brick
./dataset/images/PV01_rooftop_brick (111).bmp,PV01,PV01_rooftop_brick
./dataset/images/PV01_rooftop_brick (112).bmp,PV01,PV01_rooftop_brick
./dataset/images/PV01_rooftop_brick (113).bmp,PV01,PV01_rooftop_brick
./dataset/images/PV01_rooftop_brick (114).bmp,PV01,PV01_rooftop_brick
./dataset/images/PV01_rooftop_brick (115).bmp,PV01,PV01_rooftop_brick
./dataset/images/PV01_rooftop_brick (116).bmp,PV01,PV01_rooftop_brick
./dataset/images/PV01_rooftop_brick (117).bmp,PV01,PV01_rooftop_brick
./dataset/images/PV01_rooftop_brick (118).bmp,PV01,PV01_rooftop_brick
./dataset/images/PV01_rooftop_brick (119).bmp,PV01,PV01_rooftop_brick
./dataset/images/PV01_rooftop_brick (120).bmp,PV01,PV01_rooftop_brick
./dataset/images/PV01_rooftop_brick (121).bmp,PV01,PV01_rooftop_brick
./dataset/images/PV01_rooftop_brick (122).bmp,PV01,PV01_rooftop_brick
./dataset/images/PV01_rooftop_brick (123).bmp,PV01,PV01_rooftop_brick
./dataset/images/PV01_rooftop_brick (124).bmp,PV01,PV01_rooftop_brick
./dataset/images/PV01_rooftop_brick (125).bmp,PV01,PV01_rooftop_brick
./dataset/images/PV01_rooftop_brick (126).bmp,PV01,PV01_rooftop_brick
./dataset/images/PV01_rooftop_brick (127).bmp,PV01,PV01_rooftop_brick
./dataset/images/PV01_rooftop_brick (128).bmp,PV01,PV01_rooftop_brick
./dataset/images/PV01_rooftop_brick (129).bmp,PV01,PV01_rooftop_brick
./dataset/images/PV01_rooftop_brick (130).bmp,PV01,PV01_rooftop_brick
./dataset/images/PV01_rooftop_brick (131).bmp,PV01,PV01_rooftop_brick
./dataset/images/PV01_rooftop_brick (132).bmp,PV01,PV01_rooftop_brick
./dataset/images/PV01_rooftop_brick (133).bmp,PV01,PV01_rooftop_brick
./dataset/images/PV01_rooftop_brick (134).bmp,PV01,PV01_rooftop_brick
./dataset/images/PV01_rooftop_brick (135).bmp,PV01,PV01_rooftop_brick
./dataset/images/PV01_rooftop_brick (136).bmp,PV01,PV01_rooftop_brick
./dataset/images/PV01_rooftop_brick (137).bmp,PV01,PV01_rooftop_brick
./dataset/images/PV01_rooftop_brick (138).bmp,PV01,PV01_rooftop_brick
./dataset/images/PV01_Rooftop_FlatConcrete (371).bmp,PV01,PV01_Rooftop_FlatConcrete 
./dataset/images/PV01_Rooftop_FlatConcrete (372).bmp,PV01,PV01_Rooftop_FlatConcrete 
./dataset/images/PV01_Rooftop_FlatConcrete (373).bmp,PV01,PV01_Rooftop_FlatConcrete 
./dataset/images/PV01_Rooftop_FlatConcrete (374).bmp,PV01,PV01_Rooftop_FlatConcrete 
./dataset/images/PV01_Rooftop_FlatConcrete (375).bmp,PV01,PV01_Rooftop_FlatConcrete 
./dataset/images/PV01_Rooftop_FlatConcrete (376).bmp,PV01,PV01_Rooftop_FlatConcrete 
./dataset/images/PV01_Rooftop_FlatConcrete (377).bmp,PV01,PV01_Rooftop_FlatConcrete 
./dataset/images/PV01_Rooftop_FlatConcrete (378).bmp,PV01,PV01_Rooftop_FlatConcrete 
./dataset/images/PV01_Rooftop_FlatConcrete (379).bmp,PV01,PV01_Rooftop_FlatConcrete 
./dataset/images/PV01_Rooftop_FlatConcrete (380).bmp,PV01,PV01_Rooftop_FlatConcrete 
./dataset/images/PV01_Rooftop_FlatConcrete (381).bmp,PV01,PV01_Rooftop_FlatConcrete 
./dataset/images/PV01_Rooftop_FlatConcrete (382).bmp,PV01,PV01_Rooftop_FlatConcrete 
./dataset/images/PV01_Rooftop_FlatConcrete (383).bmp,PV01,PV01_Rooftop_FlatConcrete 
./dataset/images/PV01_Rooftop_FlatConcrete (384).bmp,PV01,PV01_Rooftop_FlatConcrete 
./dataset/images/PV01_Rooftop_FlatConcrete (385).bmp,PV01,PV01_Rooftop_FlatConcrete 
./dataset/images/PV01_Rooftop_FlatConcrete (386).bmp,PV01,PV01_Rooftop_FlatConcrete 
./dataset/images/PV01_Rooftop_FlatConcrete (387).bmp,PV01,PV01_Rooftop_FlatConcrete 
./dataset/images/PV01_Rooftop_FlatConcrete (388).bmp,PV01,PV01_Rooftop_FlatConcrete 
./dataset/images/PV01_Rooftop_FlatConcrete (389).bmp,PV01,PV01_Rooftop_FlatConcrete 
./dataset/images/PV01_Rooftop_FlatConcrete (390).bmp,PV01,PV01_Rooftop_FlatConcrete 
./dataset/images/PV01_Rooftop_FlatConcrete (391).bmp,PV01,PV01_Rooftop_FlatConcrete 
./dataset/images/PV01_Rooftop_FlatConcrete (392).bmp,PV01,PV01_Rooftop_FlatConcrete 
./dataset/images/PV01_Rooftop_FlatConcrete (393).bmp,PV01,PV01_Rooftop_FlatConcrete 
./dataset/images/PV01_Rooftop_FlatConcrete (394).bmp,PV01,PV01_Rooftop_FlatConcrete 
./dataset/images/PV01_Rooftop_FlatConcrete (395).bmp,PV01,PV01_Rooftop_FlatConcrete 
./dataset/images/PV01_Rooftop_FlatConcrete (396).bmp,PV01,PV01_Rooftop_FlatConcrete 
./dataset/images/PV01_Rooftop_FlatConcrete (397).bmp,PV01,PV01_Rooftop_FlatConcrete 
./dataset/images/PV01_Rooftop_FlatConcrete (398).bmp,PV01,PV01_Rooftop_FlatConcrete 
./dataset/images/PV01_Rooftop_FlatConcrete (399).bmp,PV01,PV01_Rooftop_FlatConcrete 
./dataset/images/PV01_Rooftop_FlatConcrete (400).bmp,PV01,PV01_Rooftop_FlatConcrete 
./dataset/images/PV01_Rooftop_FlatConcrete (401).bmp,PV01,PV01_Rooftop_FlatConcrete 
./dataset/images/PV01_Rooftop_FlatConcrete (402).bmp,PV01,PV01_Rooftop_FlatConcrete 
./dataset/images/PV01_Rooftop_FlatConcrete (403).bmp,PV01,PV01_Rooftop_FlatConcrete 
./dataset/images/PV01_Rooftop_FlatConcrete (404).bmp,PV01,PV01_Rooftop_FlatConcrete 
./dataset/images/PV01_Rooftop_FlatConcrete (405).bmp,PV01,PV01_Rooftop_FlatConcrete 
./dataset/images/PV01_Rooftop_FlatConcrete (406).bmp,PV01,PV01_Rooftop_FlatConcrete 
./dataset/images/PV01_Rooftop_FlatConcrete (407).bmp,PV01,PV01_Rooftop_FlatConcrete 
./dataset/images/PV01_Rooftop_FlatConcrete (408).bmp,PV01,PV01_Rooftop_FlatConcrete 
./dataset/images/PV01_Rooftop_FlatConcrete (409).bmp,PV01,PV01_Rooftop_FlatConcrete 
./dataset/images/PV01_Rooftop_FlatConcrete (410).bmp,PV01,PV01_Rooftop_FlatConcrete 
./dataset/images/PV01_Rooftop_FlatConcrete (411).bmp,PV01,PV01_Rooftop_FlatConcrete 
./dataset/images/PV01_Rooftop_FlatConcrete (412).bmp,PV01,PV01_Rooftop_FlatConcrete 
./dataset/images/PV01_Rooftop_FlatConcrete (413).bmp,PV01,PV01_Rooftop_FlatConcrete 
./dataset/images/PV01_Rooftop_SteelTile (71).bmp,PV01,PV01_Rooftop_SteelTile 
./dataset/images/PV01_Rooftop_SteelTile (72).bmp,PV01,PV01_Rooftop_SteelTile 
./dataset/images/PV01_Rooftop_SteelTile (73).bmp,PV01,PV01_Rooftop_SteelTile 
./dataset/images/PV01_Rooftop_SteelTile (74).bmp,PV01,PV01_Rooftop_SteelTile 
./dataset/images/PV01_Rooftop_SteelTile (75).bmp,PV01,PV01_Rooftop_SteelTile 
./dataset/images/PV01_Rooftop_SteelTile (76).bmp,PV01,PV01_Rooftop_SteelTile 
./dataset/images/PV01_Rooftop_SteelTile (77).bmp,PV01,PV01_Rooftop_SteelTile 
./dataset/images/PV01_Rooftop_SteelTile (78).bmp,PV01,PV01_Rooftop_SteelTile 
./dataset/images/PV01_Rooftop_SteelTile (79).bmp,PV01,PV01_Rooftop_SteelTile 
./dataset/images/PV01_Rooftop_SteelTile (80).bmp,PV01,PV01_Rooftop_SteelTile 
./dataset/images/PV01_Rooftop_SteelTile (81).bmp,PV01,PV01_Rooftop_SteelTile 
./dataset/images/PV01_Rooftop_SteelTile (82).bmp,PV01,PV01_Rooftop_SteelTile 
./dataset/images/PV01_Rooftop_SteelTile (83).bmp,PV01,PV01_Rooftop_SteelTile 
./dataset/images/PV01_Rooftop_SteelTile (84).bmp,PV01,PV01_Rooftop_SteelTile 
./dataset/images/PV01_Rooftop_SteelTile (85).bmp,PV01,PV01_Rooftop_SteelTile 
./dataset/images/PV01_Rooftop_SteelTile (86).bmp,PV01,PV01_Rooftop_SteelTile 
./dataset/images/PV01_Rooftop_SteelTile (87).bmp,PV01,PV01_Rooftop_SteelTile 
./dataset/images/PV01_Rooftop_SteelTile (88).bmp,PV01,PV01_Rooftop_SteelTile 
./dataset/images/PV01_Rooftop_SteelTile (89).bmp,PV01,PV01_Rooftop_SteelTile 
./dataset/images/PV01_Rooftop_SteelTile (90).bmp,PV01,PV01_Rooftop_SteelTile 
./dataset/images/PV01_Rooftop_SteelTile (91).bmp,PV01,PV01_Rooftop_SteelTile 
./dataset/images/PV01_Rooftop_SteelTile (92).bmp,PV01,PV01_Rooftop_SteelTile 
./dataset/images/PV01_Rooftop_SteelTile (93).bmp,PV01,PV01_Rooftop_SteelTile 
./dataset/images/PV01_Rooftop_SteelTile (94).bmp,PV01,PV01_Rooftop_SteelTile 
./dataset/images/PV03_Ground_Cropland (701).bmp,PV03,PV03_Ground_Cropland 
./dataset/images/PV03_Ground_Cropland (702).bmp,PV03,PV03_Ground_Cropland 
./dataset/images/PV03_Ground_Cropland (703).bmp,PV03,PV03_Ground_Cropland 
./dataset/images/PV03_Ground_Cropland (704).bmp,PV03,PV03_Ground_Cropland 
./dataset/images/PV03_Ground_Cropland (705).bmp,PV03,PV03_Ground_Cropland 
./dataset/images/PV03_Ground_Cropland (706).bmp,PV03,PV03_Ground_Cropland 
./dataset/images/PV03_Ground_Cropland (707).bmp,PV03,PV03_Ground_Cropland 
./dataset/images/PV03_Ground_Cropland (708).bmp,PV03,PV03_Ground_Cropland 
./dataset/images/PV03_Ground_Cropland (709).bmp,PV03,PV03_Ground_Cropland 
./dataset/images/PV03_Ground_Cropland (710).bmp,PV03,PV03_Ground_Cropland 
./dataset/images/PV03_Ground_Cropland (711).bmp,PV03,PV03_Ground_Cropland 
./dataset/images/PV03_Ground_Cropland (712).bmp,PV03,PV03_Ground_Cropland 
./dataset/images/PV03_Ground_Cropland (713).bmp,PV03,PV03_Ground_Cropland 
./dataset/images/PV03_Ground_Cropland (714).bmp,PV03,PV03_Ground_Cropland 
./dataset/images/PV03_Ground_Cropland (715).bmp,PV03,PV03_Ground_Cropland 
./dataset/images/PV03_Ground_Cropland (716).bmp,PV03,PV03_Ground_Cropland 
./dataset/images/PV03_Ground_Cropland (717).bmp,PV03,PV03_Ground_Cropland 
./dataset/images/PV03_Ground_Cropland (718).bmp,PV03,PV03_Ground_Cropland 
./dataset/images/PV03_Ground_Cropland (719).bmp,PV03,PV03_Ground_Cropland 
./dataset/images/PV03_Ground_Cropland (720).bmp,PV03,PV03_Ground_Cropland 
./dataset/images/PV03_Ground_Cropland (721).bmp,PV03,PV03_Ground_Cropland 
./dataset/images/PV03_Ground_Cropland (722).bmp,PV03,PV03_Ground_Cropland 
./dataset/images/PV03_Ground_Cropland (723).bmp,PV03,PV03_Ground_Cropland 
./dataset/images/PV03_Ground_Cropland (724).bmp,PV03,PV03_Ground_Cropland 
./dataset/images/PV03_Ground_Cropland (725).bmp,PV03,PV03_Ground_Cropland 
./dataset/images/PV03_Ground_Cropland (726).bmp,PV03,PV03_Ground_Cropland 
./dataset/images/PV03_Ground_Cropland (727).bmp,PV03,PV03_Ground_Cropland 
./dataset/images/PV03_Ground_Cropland (728).bmp,PV03,PV03_Ground_Cropland 
./dataset/images/PV03_Ground_Cropland (729).bmp,PV03,PV03_Ground_Cropland 
./dataset/images/PV03_Ground_Cropland (730).bmp,PV03,PV03_Ground_Cropland 
./dataset/images/PV03_Ground_Cropland (731).bmp,PV03,PV03_Ground_Cropland 
./dataset/images/PV03_Ground_Cropland (732).bmp,PV03,PV03_Ground_Cropland 
./dataset/images/PV03_Ground_Cropland (733).bmp,PV03,PV03_Ground_Cropland 
./dataset/images/PV03_Ground_Cropland (734).bmp,PV03,PV03_Ground_Cropland 
./dataset/images/PV03_Ground_Cropland (735).bmp,PV03,PV03_Ground_Cropland 
./dataset/images/PV03_Ground_Cropland (736).bmp,PV03,PV03_Ground_Cropland 
./dataset/images/PV03_Ground_Cropland (737).bmp,PV03,PV03_Ground_Cropland 
./dataset/images/PV03_Ground_Cropland (738).bmp,PV03,PV03_Ground_Cropland 
./dataset/images/PV03_Ground_Cropland (739).bmp,PV03,PV03_Ground_Cropland 
./dataset/images/PV03_Ground_Cropland (740).bmp,PV03,PV03_Ground_Cropland 
./dataset/images/PV03_Ground_Cropland (741).bmp,PV03,PV03_Ground_Cropland 
./dataset/images/PV03_Ground_Cropland (742).bmp,PV03,PV03_Ground_Cropland 
./dataset/images/PV03_Ground_Cropland (743).bmp,PV03,PV03_Ground_Cropland 
./dataset/images/PV03_Ground_Cropland (744).bmp,PV03,PV03_Ground_Cropland 
./dataset/images/PV03_Ground_Cropland (745).bmp,PV03,PV03_Ground_Cropland 
./dataset/images/PV03_Ground_Cropland (746).bmp,PV03,PV03_Ground_Cropland 
./dataset/images/PV03_Ground_Cropland (747).bmp,PV03,PV03_Ground_Cropland 
./dataset/images/PV03_Ground_Cropland (748).bmp,PV03,PV03_Ground_Cropland 
./dataset/images/PV03_Ground_Cropland (749).bmp,PV03,PV03_Ground_Cropland 
./dataset/images/PV03_Ground_Cropland (750).bmp,PV03,PV03_Ground_Cropland 
./dataset/images/PV03_Ground_Cropland (751).bmp,PV03,PV03_Ground_Cropland 
./dataset/images/PV03_Ground_Cropland (752).bmp,PV03,PV03_Ground_Cropland 
./dataset/images/PV03_Ground_Cropland (753).bmp,PV03,PV03_Ground_Cropland 
./dataset/images/PV03_Ground_Cropland (754).bmp,PV03,PV03_Ground_Cropland 
./dataset/images/PV03_Ground_Cropland (755).bmp,PV03,PV03_Ground_Cropland 
./dataset/images/PV03_Ground_Cropland (756).bmp,PV03,PV03_Ground_Cropland 
./dataset/images/PV03_Ground_Cropland (757).bmp,PV03,PV03_Ground_Cropland 
./dataset/images/PV03_Ground_Cropland (758).bmp,PV03,PV03_Ground_Cropland 
./dataset/images/PV03_Ground_Cropland (759).bmp,PV03,PV03_Ground_Cropland 
./dataset/images/PV03_Ground_Cropland (760).bmp,PV03,PV03_Ground_Cropland 
./dataset/images/PV03_Ground_Cropland (761).bmp,PV03,PV03_Ground_Cropland 
./dataset/images/PV03_Ground_Cropland (762).bmp,PV03,PV03_Ground_Cropland 
./dataset/images/PV03_Ground_Cropland (763).bmp,PV03,PV03_Ground_Cropland 
./dataset/images/PV03_Ground_Cropland (764).bmp,PV03,PV03_Ground_Cropland 
./dataset/images/PV03_Ground_Cropland (765).bmp,PV03,PV03_Ground_Cropland 
./dataset/images/PV03_Ground_Cropland (766).bmp,PV03,PV03_Ground_Cropland 
./dataset/images/PV03_Ground_Cropland (767).bmp,PV03,PV03_Ground_Cropland 
./dataset/images/PV03_Ground_Cropland (768).bmp,PV03,PV03_Ground_Cropland 
./dataset/images/PV03_Ground_Cropland (769).bmp,PV03,PV03_Ground_Cropland 
./dataset/images/PV03_Ground_Cropland (770).bmp,PV03,PV03_Ground_Cropland 
./dataset/images/PV03_Ground_Cropland (771).bmp,PV03,PV03_Ground_Cropland 
./dataset/images/PV03_Ground_Cropland (772).bmp,PV03,PV03_Ground_Cropland 
./dataset/images/PV03_Ground_Cropland (773).bmp,PV03,PV03_Ground_Cropland 
./dataset/images/PV03_Ground_Cropland (774).bmp,PV03,PV03_Ground_Cropland 
./dataset/images/PV03_Ground_Cropland (775).bmp,PV03,PV03_Ground_Cropland 
./dataset/images/PV03_Ground_Cropland (776).bmp,PV03,PV03_Ground_Cropland 
./dataset/images/PV03_Ground_Cropland (777).bmp,PV03,PV03_Ground_Cropland 
./dataset/images/PV03_Ground_Cropland (778).bmp,PV03,PV03_Ground_Cropland 
./dataset/images/PV03_Ground_Cropland (779).bmp,PV03,PV03_Ground_Cropland 
./dataset/images/PV03_Ground_Cropland (780).bmp,PV03,PV03_Ground_Cropland 
./dataset/images/PV03_Ground_Cropland (781).bmp,PV03,PV03_Ground_Cropland 
./dataset/images/PV03_Ground_Cropland (782).bmp,PV03,PV03_Ground_Cropland 
./dataset/images/PV03_Ground_Cropland (783).bmp,PV03,PV03_Ground_Cropland 
./dataset/images/PV03_Ground_Cropland (784).bmp,PV03,PV03_Ground_Cropland 
./dataset/images/PV03_Ground_Cropland (785).bmp,PV03,PV03_Ground_Cropland 
./dataset/images/PV03_Ground_Cropland (786).bmp,PV03,PV03_Ground_Cropland 
./dataset/images/PV03_Ground_Cropland (787).bmp,PV03,PV03_Ground_Cropland 
./dataset/images/PV03_Ground_Cropland (788).bmp,PV03,PV03_Ground_Cropland 
./dataset/images/PV03_Ground_Cropland (789).bmp,PV03,PV03_Ground_Cropland 
./dataset/images/PV03_Ground_Cropland (790).bmp,PV03,PV03_Ground_Cropland 
./dataset/images/PV03_Ground_Cropland (791).bmp,PV03,PV03_Ground_Cropland 
./dataset/images/PV03_Ground_Cropland (792).bmp,PV03,PV03_Ground_Cropland 
./dataset/images/PV03_Ground_Cropland (793).bmp,PV03,PV03_Ground_Cropland 
./dataset/images/PV03_Ground_Cropland (794).bmp,PV03,PV03_Ground_Cropland 
./dataset/images/PV03_Ground_Cropland (795).bmp,PV03,PV03_Ground_Cropland 
./dataset/images/PV03_Ground_Cropland (796).bmp,PV03,PV03_Ground_Cropland 
./dataset/images/PV03_Ground_Cropland (797).bmp,PV03,PV03_Ground_Cropland 
./dataset/images/PV03_Ground_Cropland (798).bmp,PV03,PV03_Ground_Cropland 
./dataset/images/PV03_Ground_Cropland (799).bmp,PV03,PV03_Ground_Cropland 
./dataset/images/PV03_Ground_Cropland (800).bmp,PV03,PV03_Ground_Cropland 
./dataset/images/PV03_Ground_Cropland (801).bmp,PV03,PV03_Ground_Cropland 
./dataset/images/PV03_Ground_Cropland (802).bmp,PV03,PV03_Ground_Cropland 
./dataset/images/PV03_Ground_Cropland (803).bmp,PV03,PV03_Ground_Cropland 
./dataset/images/PV03_Ground_Cropland (804).bmp,PV03,PV03_Ground_Cropland 
./dataset/images/PV03_Ground_Cropland (805).bmp,PV03,PV03_Ground_Cropland 
./dataset/images/PV03_Ground_Cropland (806).bmp,PV03,PV03_Ground_Cropland 
./dataset/images/PV03_Ground_Cropland (807).bmp,PV03,PV03_Ground_Cropland 
./dataset/images/PV03_Ground_Cropland (808).bmp,PV03,PV03_Ground_Cropland 
./dataset/images/PV03_Ground_Cropland (809).bmp,PV03,PV03_Ground_Cropland 
./dataset/images/PV03_Ground_Cropland (810).bmp,PV03,PV03_Ground_Cropland 
./dataset/images/PV03_Ground_Cropland (811).bmp,PV03,PV03_Ground_Cropland 
./dataset/images/PV03_Ground_Cropland (812).bmp,PV03,PV03_Ground_Cropland 
./dataset/images/PV03_Ground_Cropland (813).bmp,PV03,PV03_Ground_Cropland 
./dataset/images/PV03_Ground_Cropland (814).bmp,PV03,PV03_Ground_Cropland 
./dataset/images/PV03_Ground_Cropland (815).bmp,PV03,PV03_Ground_Cropland 
./dataset/images/PV03_Ground_Cropland (816).bmp,PV03,PV03_Ground_Cropland 
./dataset/images/PV03_Ground_Cropland (817).bmp,PV03,PV03_Ground_Cropland 
./dataset/images/PV03_Ground_Cropland (818).bmp,PV03,PV03_Ground_Cropland 
./dataset/images/PV03_Ground_Cropland (819).bmp,PV03,PV03_Ground_Cropland 
./dataset/images/PV03_Ground_Cropland (820).bmp,PV03,PV03_Ground_Cropland 
./dataset/images/PV03_Ground_Cropland (821).bmp,PV03,PV03_Ground_Cropland 
./dataset/images/PV03_Ground_Cropland (822).bmp,PV03,PV03_Ground_Cropland 
./dataset/images/PV03_Ground_Cropland (823).bmp,PV03,PV03_Ground_Cropland 
./dataset/images/PV03_Ground_Cropland (824).bmp,PV03,PV03_Ground_Cropland 
./dataset/images/PV03_Ground_Cropland (825).bmp,PV03,PV03_Ground_Cropland 
./dataset/images/PV03_Ground_Cropland (826).bmp,PV03,PV03_Ground_Cropland 
./dataset/images/PV03_Ground_Cropland (827).bmp,PV03,PV03_Ground_Cropland 
./dataset/images/PV03_Ground_Cropland (828).bmp,PV03,PV03_Ground_Cropland 
./dataset/images/PV03_Ground_Cropland (829).bmp,PV03,PV03_Ground_Cropland 
./dataset/images/PV03_Ground_Cropland (830).bmp,PV03,PV03_Ground_Cropland 
./dataset/images/PV03_Ground_Cropland (831).bmp,PV03,PV03_Ground_Cropland 
./dataset/images/PV03_Ground_Cropland (832).bmp,PV03,PV03_Ground_Cropland 
./dataset/images/PV03_Ground_Cropland (833).bmp,PV03,PV03_Ground_Cropland 
./dataset/images/PV03_Ground_Cropland (834).bmp,PV03,PV03_Ground_Cropland 
./dataset/images/PV03_Ground_Cropland (835).bmp,PV03,PV03_Ground_Cropland 
./dataset/images/PV03_Ground_Cropland (836).bmp,PV03,PV03_Ground_Cropland 
./dataset/images/PV03_Ground_Cropland (837).bmp,PV03,PV03_Ground_Cropland 
./dataset/images/PV03_Ground_Cropland (838).bmp,PV03,PV03_Ground_Cropland 
./dataset/images/PV03_Ground_Cropland (839).bmp,PV03,PV03_Ground_Cropland 
./dataset/images/PV03_Ground_Cropland (840).bmp,PV03,PV03_Ground_Cropland 
./dataset/images/PV03_Ground_Cropland (841).bmp,PV03,PV03_Ground_Cropland 
./dataset/images/PV03_Ground_Cropland (842).bmp,PV03,PV03_Ground_Cropland 
./dataset/images/PV03_Ground_Cropland (843).bmp,PV03,PV03_Ground_Cropland 
./dataset/images/PV03_Ground_Cropland (844).bmp,PV03,PV03_Ground_Cropland 
./dataset/images/PV03_Ground_Cropland (845).bmp,PV03,PV03_Ground_Cropland 
./dataset/images/PV03_Ground_Cropland (846).bmp,PV03,PV03_Ground_Cropland 
./dataset/images/PV03_Ground_Cropland (847).bmp,PV03,PV03_Ground_Cropland 
./dataset/images/PV03_Ground_Cropland (848).bmp,PV03,PV03_Ground_Cropland 
./dataset/images/PV03_Ground_Cropland (849).bmp,PV03,PV03_Ground_Cropland 
./dataset/images/PV03_Ground_Cropland (850).bmp,PV03,PV03_Ground_Cropland 
./dataset/images/PV03_Ground_Cropland (851).bmp,PV03,PV03_Ground_Cropland 
./dataset/images/PV03_Ground_Cropland (852).bmp,PV03,PV03_Ground_Cropland 
./dataset/images/PV03_Ground_Cropland (853).bmp,PV03,PV03_Ground_Cropland 
./dataset/images/PV03_Ground_Cropland (854).bmp,PV03,PV03_Ground_Cropland 
./dataset/images/PV03_Ground_Cropland (855).bmp,PV03,PV03_Ground_Cropland 
./dataset/images/PV03_Ground_Cropland (856).bmp,PV03,PV03_Ground_Cropland 
./dataset/images/PV03_Ground_Cropland (857).bmp,PV03,PV03_Ground_Cropland 
./dataset/images/PV03_Ground_Cropland (858).bmp,PV03,PV03_Ground_Cropland 
./dataset/images/PV03_Ground_Cropland (859).bmp,PV03,PV03_Ground_Cropland 
./dataset/images/PV03_Ground_Grassland (91).bmp,PV03,PV03_Ground_Grassland 
./dataset/images/PV03_Ground_Grassland (92).bmp,PV03,PV03_Ground_Grassland 
./dataset/images/PV03_Ground_Grassland (93).bmp,PV03,PV03_Ground_Grassland 
./dataset/images/PV03_Ground_Grassland (94).bmp,PV03,PV03_Ground_Grassland 
./dataset/images/PV03_Ground_Grassland (95).bmp,PV03,PV03_Ground_Grassland 
./dataset/images/PV03_Ground_Grassland (96).bmp,PV03,PV03_Ground_Grassland 
./dataset/images/PV03_Ground_Grassland (97).bmp,PV03,PV03_Ground_Grassland 
./dataset/images/PV03_Ground_Grassland (98).bmp,PV03,PV03_Ground_Grassland 
./dataset/images/PV03_Ground_Grassland (99).bmp,PV03,PV03_Ground_Grassland 
./dataset/images/PV03_Ground_Grassland (100).bmp,PV03,PV03_Ground_Grassland 
./dataset/images/PV03_Ground_Grassland (101).bmp,PV03,PV03_Ground_Grassland 
./dataset/images/PV03_Ground_Grassland (102).bmp,PV03,PV03_Ground_Grassland 
./dataset/images/PV03_Ground_Grassland (103).bmp,PV03,PV03_Ground_Grassland 
./dataset/images/PV03_Ground_Grassland (104).bmp,PV03,PV03_Ground_Grassland 
./dataset/images/PV03_Ground_Grassland (105).bmp,PV03,PV03_Ground_Grassland 
./dataset/images/PV03_Ground_Grassland (106).bmp,PV03,PV03_Ground_Grassland 
./dataset/images/PV03_Ground_Grassland (107).bmp,PV03,PV03_Ground_Grassland 
./dataset/images/PV03_Ground_Grassland (108).bmp,PV03,PV03_Ground_Grassland 
./dataset/images/PV03_Ground_Grassland (109).bmp,PV03,PV03_Ground_Grassland 
./dataset/images/PV03_Ground_Grassland (110).bmp,PV03,PV03_Ground_Grassland 
./dataset/images/PV03_Ground_Grassland (111).bmp,PV03,PV03_Ground_Grassland 
./dataset/images/PV03_Ground_Grassland (112).bmp,PV03,PV03_Ground_Grassland 
./dataset/images/PV03_Ground_Grassland (113).bmp,PV03,PV03_Ground_Grassland 
./dataset/images/PV03_Ground_Grassland (114).bmp,PV03,PV03_Ground_Grassland 
./dataset/images/PV03_Ground_Grassland (115).bmp,PV03,PV03_Ground_Grassland 
./dataset/images/PV03_Ground_Grassland (116).bmp,PV03,PV03_Ground_Grassland 
./dataset/images/PV03_Ground_Grassland (117).bmp,PV03,PV03_Ground_Grassland 
./dataset/images/PV03_Ground_SalineAlkali (263).bmp,PV03,PV03_Ground_SalineAlkali 
./dataset/images/PV03_Ground_SalineAlkali (264).bmp,PV03,PV03_Ground_SalineAlkali 
./dataset/images/PV03_Ground_SalineAlkali (265).bmp,PV03,PV03_Ground_SalineAlkali 
./dataset/images/PV03_Ground_SalineAlkali (266).bmp,PV03,PV03_Ground_SalineAlkali 
./dataset/images/PV03_Ground_SalineAlkali (267).bmp,PV03,PV03_Ground_SalineAlkali 
./dataset/images/PV03_Ground_SalineAlkali (268).bmp,PV03,PV03_Ground_SalineAlkali 
./dataset/images/PV03_Ground_SalineAlkali (269).bmp,PV03,PV03_Ground_SalineAlkali 
./dataset/images/PV03_Ground_SalineAlkali (270).bmp,PV03,PV03_Ground_SalineAlkali 
./dataset/images/PV03_Ground_SalineAlkali (271).bmp,PV03,PV03_Ground_SalineAlkali 
./dataset/images/PV03_Ground_SalineAlkali (272).bmp,PV03,PV03_Ground_SalineAlkali 
./dataset/images/PV03_Ground_SalineAlkali (273).bmp,PV03,PV03_Ground_SalineAlkali 
./dataset/images/PV03_Ground_SalineAlkali (274).bmp,PV03,PV03_Ground_SalineAlkali 
./dataset/images/PV03_Ground_SalineAlkali (275).bmp,PV03,PV03_Ground_SalineAlkali 
./dataset/images/PV03_Ground_SalineAlkali (276).bmp,PV03,PV03_Ground_SalineAlkali 
./dataset/images/PV03_Ground_SalineAlkali (277).bmp,PV03,PV03_Ground_SalineAlkali 
./dataset/images/PV03_Ground_SalineAlkali (278).bmp,PV03,PV03_Ground_SalineAlkali 
./dataset/images/PV03_Ground_SalineAlkali (279).bmp,PV03,PV03_Ground_SalineAlkali 
./dataset/images/PV03_Ground_SalineAlkali (280).bmp,PV03,PV03_Ground_SalineAlkali 
./dataset/images/PV03_Ground_SalineAlkali (281).bmp,PV03,PV03_Ground_SalineAlkali 
./dataset/images/PV03_Ground_SalineAlkali (282).bmp,PV03,PV03_Ground_SalineAlkali 
./dataset/images/PV03_Ground_SalineAlkali (283).bmp,PV03,PV03_Ground_SalineAlkali 
./dataset/images/PV03_Ground_SalineAlkali (284).bmp,PV03,PV03_Ground_SalineAlkali 
./dataset/images/PV03_Ground_SalineAlkali (285).bmp,PV03,PV03_Ground_SalineAlkali 
./dataset/images/PV03_Ground_SalineAlkali (286).bmp,PV03,PV03_Ground_SalineAlkali 
./dataset/images/PV03_Ground_SalineAlkali (287).bmp,PV03,PV03_Ground_SalineAlkali 
./dataset/images/PV03_Ground_SalineAlkali (288).bmp,PV03,PV03_Ground_SalineAlkali 
./dataset/images/PV03_Ground_SalineAlkali (289).bmp,PV03,PV03_Ground_SalineAlkali 
./dataset/images/PV03_Ground_SalineAlkali (290).bmp,PV03,PV03_Ground_SalineAlkali 
./dataset/images/PV03_Ground_SalineAlkali (291).bmp,PV03,PV03_Ground_SalineAlkali 
./dataset/images/PV03_Ground_SalineAlkali (292).bmp,PV03,PV03_Ground_SalineAlkali 
./dataset/images/PV03_Ground_SalineAlkali (293).bmp,PV03,PV03_Ground_SalineAlkali 
./dataset/images/PV03_Ground_SalineAlkali (294).bmp,PV03,PV03_Ground_SalineAlkali 
./dataset/images/PV03_Ground_SalineAlkali (295).bmp,PV03,PV03_Ground_SalineAlkali 
./dataset/images/PV03_Ground_SalineAlkali (296).bmp,PV03,PV03_Ground_SalineAlkali 
./dataset/images/PV03_Ground_SalineAlkali (297).bmp,PV03,PV03_Ground_SalineAlkali 
./dataset/images/PV03_Ground_SalineAlkali (298).bmp,PV03,PV03_Ground_SalineAlkali 
./dataset/images/PV03_Ground_SalineAlkali (299).bmp,PV03,PV03_Ground_SalineAlkali 
./dataset/images/PV03_Ground_SalineAlkali (300).bmp,PV03,PV03_Ground_SalineAlkali 
./dataset/images/PV03_Ground_SalineAlkali (301).bmp,PV03,PV03_Ground_SalineAlkali 
./dataset/images/PV03_Ground_SalineAlkali (302).bmp,PV03,PV03_Ground_SalineAlkali 
./dataset/images/PV03_Ground_SalineAlkali (303).bmp,PV03,PV03_Ground_SalineAlkali 
./dataset/images/PV03_Ground_SalineAlkali (304).bmp,PV03,PV03_Ground_SalineAlkali 
./dataset/images/PV03_Ground_SalineAlkali (305).bmp,PV03,PV03_Ground_SalineAlkali 
./dataset/images/PV03_Ground_SalineAlkali (306).bmp,PV03,PV03_Ground_SalineAlkali 
./dataset/images/PV03_Ground_SalineAlkali (307).bmp,PV03,PV03_Ground_SalineAlkali 
./dataset/images/PV03_Ground_SalineAlkali (308).bmp,PV03,PV03_Ground_SalineAlkali 
./dataset/images/PV03_Ground_SalineAlkali (309).bmp,PV03,PV03_Ground_SalineAlkali 
./dataset/images/PV03_Ground_SalineAlkali (310).bmp,PV03,PV03_Ground_SalineAlkali 
./dataset/images/PV03_Ground_SalineAlkali (311).bmp,PV03,PV03_Ground_SalineAlkali 
./dataset/images/PV03_Ground_SalineAlkali (312).bmp,PV03,PV03_Ground_SalineAlkali 
./dataset/images/PV03_Ground_SalineAlkali (313).bmp,PV03,PV03_Ground_SalineAlkali 
./dataset/images/PV03_Ground_SalineAlkali (314).bmp,PV03,PV03_Ground_SalineAlkali 
./dataset/images/PV03_Ground_SalineAlkali (315).bmp,PV03,PV03_Ground_SalineAlkali 
./dataset/images/PV03_Ground_SalineAlkali (316).bmp,PV03,PV03_Ground_SalineAlkali 
./dataset/images/PV03_Ground_SalineAlkali (317).bmp,PV03,PV03_Ground_SalineAlkali 
./dataset/images/PV03_Ground_SalineAlkali (318).bmp,PV03,PV03_Ground_SalineAlkali 
./dataset/images/PV03_Ground_SalineAlkali (319).bmp,PV03,PV03_Ground_SalineAlkali 
./dataset/images/PV03_Ground_SalineAlkali (320).bmp,PV03,PV03_Ground_SalineAlkali 
./dataset/images/PV03_Ground_SalineAlkali (321).bmp,PV03,PV03_Ground_SalineAlkali 
./dataset/images/PV03_Ground_SalineAlkali (322).bmp,PV03,PV03_Ground_SalineAlkali 
./dataset/images/PV03_Ground_SalineAlkali (323).bmp,PV03,PV03_Ground_SalineAlkali 
./dataset/images/PV03_Ground_SalineAlkali (324).bmp,PV03,PV03_Ground_SalineAlkali 
./dataset/images/PV03_Ground_SalineAlkali (325).bmp,PV03,PV03_Ground_SalineAlkali 
./dataset/images/PV03_Ground_SalineAlkali (326).bmp,PV03,PV03_Ground_SalineAlkali 
./dataset/images/PV03_Ground_SalineAlkali (327).bmp,PV03,PV03_Ground_SalineAlkali 
./dataset/images/PV03_Ground_SalineAlkali (328).bmp,PV03,PV03_Ground_SalineAlkali 
./dataset/images/PV03_Ground_SalineAlkali (329).bmp,PV03,PV03_Ground_SalineAlkali 
./dataset/images/PV03_Ground_SalineAlkali (330).bmp,PV03,PV03_Ground_SalineAlkali 
./dataset/images/PV03_Ground_SalineAlkali (331).bmp,PV03,PV03_Ground_SalineAlkali 
./dataset/images/PV03_Ground_SalineAlkali (332).bmp,PV03,PV03_Ground_SalineAlkali 
./dataset/images/PV03_Ground_SalineAlkali (333).bmp,PV03,PV03_Ground_SalineAlkali 
./dataset/images/PV03_Ground_SalineAlkali (334).bmp,PV03,PV03_Ground_SalineAlkali 
./dataset/images/PV03_Ground_SalineAlkali (335).bmp,PV03,PV03_Ground_SalineAlkali 
./dataset/images/PV03_Ground_SalineAlkali (336).bmp,PV03,PV03_Ground_SalineAlkali 
./dataset/images/PV03_Ground_SalineAlkali (337).bmp,PV03,PV03_Ground_SalineAlkali 
./dataset/images/PV03_Ground_SalineAlkali (338).bmp,PV03,PV03_Ground_SalineAlkali 
./dataset/images/PV03_Ground_SalineAlkali (339).bmp,PV03,PV03_Ground_SalineAlkali 
./dataset/images/PV03_Ground_SalineAlkali (340).bmp,PV03,PV03_Ground_SalineAlkali 
./dataset/images/PV03_Ground_SalineAlkali (341).bmp,PV03,PV03_Ground_SalineAlkali 
./dataset/images/PV03_Ground_SalineAlkali (342).bmp,PV03,PV03_Ground_SalineAlkali 
./dataset/images/PV03_Ground_SalineAlkali (343).bmp,PV03,PV03_Ground_SalineAlkali 
./dataset/images/PV03_Ground_SalineAlkali (344).bmp,PV03,PV03_Ground_SalineAlkali 
./dataset/images/PV03_Ground_SalineAlkali (345).bmp,PV03,PV03_Ground_SalineAlkali 
./dataset/images/PV03_Ground_SalineAlkali (346).bmp,PV03,PV03_Ground_SalineAlkali 
./dataset/images/PV03_Ground_SalineAlkali (347).bmp,PV03,PV03_Ground_SalineAlkali 
./dataset/images/PV03_Ground_SalineAlkali (348).bmp,PV03,PV03_Ground_SalineAlkali 
./dataset/images/PV03_Ground_SalineAlkali (349).bmp,PV03,PV03_Ground_SalineAlkali 
./dataset/images/PV03_Ground_SalineAlkali (350).bmp,PV03,PV03_Ground_SalineAlkali 
./dataset/images/PV03_Ground_SalineAlkali (351).bmp,PV03,PV03_Ground_SalineAlkali 
./dataset/images/PV03_Ground_SalineAlkali (352).bmp,PV03,PV03_Ground_SalineAlkali 
./dataset/images/PV03_Ground_Shrubwood (101).bmp,PV03,PV03_Ground_Shrubwood 
./dataset/images/PV03_Ground_Shrubwood (102).bmp,PV03,PV03_Ground_Shrubwood 
./dataset/images/PV03_Ground_Shrubwood (103).bmp,PV03,PV03_Ground_Shrubwood 
./dataset/images/PV03_Ground_Shrubwood (104).bmp,PV03,PV03_Ground_Shrubwood 
./dataset/images/PV03_Ground_Shrubwood (105).bmp,PV03,PV03_Ground_Shrubwood 
./dataset/images/PV03_Ground_Shrubwood (106).bmp,PV03,PV03_Ground_Shrubwood 
./dataset/images/PV03_Ground_Shrubwood (107).bmp,PV03,PV03_Ground_Shrubwood 
./dataset/images/PV03_Ground_Shrubwood (108).bmp,PV03,PV03_Ground_Shrubwood 
./dataset/images/PV03_Ground_Shrubwood (109).bmp,PV03,PV03_Ground_Shrubwood 
./dataset/images/PV03_Ground_Shrubwood (110).bmp,PV03,PV03_Ground_Shrubwood 
./dataset/images/PV03_Ground_Shrubwood (111).bmp,PV03,PV03_Ground_Shrubwood 
./dataset/images/PV03_Ground_Shrubwood (112).bmp,PV03,PV03_Ground_Shrubwood 
./dataset/images/PV03_Ground_Shrubwood (113).bmp,PV03,PV03_Ground_Shrubwood 
./dataset/images/PV03_Ground_Shrubwood (114).bmp,PV03,PV03_Ground_Shrubwood 
./dataset/images/PV03_Ground_Shrubwood (115).bmp,PV03,PV03_Ground_Shrubwood 
./dataset/images/PV03_Ground_Shrubwood (116).bmp,PV03,PV03_Ground_Shrubwood 
./dataset/images/PV03_Ground_Shrubwood (117).bmp,PV03,PV03_Ground_Shrubwood 
./dataset/images/PV03_Ground_Shrubwood (118).bmp,PV03,PV03_Ground_Shrubwood 
./dataset/images/PV03_Ground_Shrubwood (119).bmp,PV03,PV03_Ground_Shrubwood 
./dataset/images/PV03_Ground_WaterSurface (490).bmp,PV03,PV03_Ground_WaterSurface
./dataset/images/PV03_Ground_WaterSurface (491).bmp,PV03,PV03_Ground_WaterSurface
./dataset/images/PV03_Ground_WaterSurface (492).bmp,PV03,PV03_Ground_WaterSurface
./dataset/images/PV03_Ground_WaterSurface (493).bmp,PV03,PV03_Ground_WaterSurface
./dataset/images/PV03_Ground_WaterSurface (494).bmp,PV03,PV03_Ground_WaterSurface
./dataset/images/PV03_Ground_WaterSurface (495).bmp,PV03,PV03_Ground_WaterSurface
./dataset/images/PV03_Ground_WaterSurface (496).bmp,PV03,PV03_Ground_WaterSurface
./dataset/images/PV03_Ground_WaterSurface (497).bmp,PV03,PV03_Ground_WaterSurface
./dataset/images/PV03_Ground_WaterSurface (498).bmp,PV03,PV03_Ground_WaterSurface
./dataset/images/PV03_Ground_WaterSurface (499).bmp,PV03,PV03_Ground_WaterSurface
./dataset/images/PV03_Ground_WaterSurface (500).bmp,PV03,PV03_Ground_WaterSurface
./dataset/images/PV03_Ground_WaterSurface (501).bmp,PV03,PV03_Ground_WaterSurface
./dataset/images/PV03_Ground_WaterSurface (502).bmp,PV03,PV03_Ground_WaterSurface
./dataset/images/PV03_Ground_WaterSurface (503).bmp,PV03,PV03_Ground_WaterSurface
./dataset/images/PV03_Ground_WaterSurface (504).bmp,PV03,PV03_Ground_WaterSurface
./dataset/images/PV03_Ground_WaterSurface (505).bmp,PV03,PV03_Ground_WaterSurface
./dataset/images/PV03_Ground_WaterSurface (506).bmp,PV03,PV03_Ground_WaterSurface
./dataset/images/PV03_Ground_WaterSurface (507).bmp,PV03,PV03_Ground_WaterSurface
./dataset/images/PV03_Ground_WaterSurface (508).bmp,PV03,PV03_Ground_WaterSurface
./dataset/images/PV03_Ground_WaterSurface (509).bmp,PV03,PV03_Ground_WaterSurface
./dataset/images/PV03_Ground_WaterSurface (510).bmp,PV03,PV03_Ground_WaterSurface
./dataset/images/PV03_Ground_WaterSurface (511).bmp,PV03,PV03_Ground_WaterSurface
./dataset/images/PV03_Ground_WaterSurface (512).bmp,PV03,PV03_Ground_WaterSurface
./dataset/images/PV03_Ground_WaterSurface (513).bmp,PV03,PV03_Ground_WaterSurface
./dataset/images/PV03_Ground_WaterSurface (514).bmp,PV03,PV03_Ground_WaterSurface
./dataset/images/PV03_Ground_WaterSurface (515).bmp,PV03,PV03_Ground_WaterSurface
./dataset/images/PV03_Ground_WaterSurface (516).bmp,PV03,PV03_Ground_WaterSurface
./dataset/images/PV03_Ground_WaterSurface (517).bmp,PV03,PV03_Ground_WaterSurface
./dataset/images/PV03_Ground_WaterSurface (518).bmp,PV03,PV03_Ground_WaterSurface
./dataset/images/PV03_Ground_WaterSurface (519).bmp,PV03,PV03_Ground_WaterSurface
./dataset/images/PV03_Ground_WaterSurface (520).bmp,PV03,PV03_Ground_WaterSurface
./dataset/images/PV03_Ground_WaterSurface (521).bmp,PV03,PV03_Ground_WaterSurface
./dataset/images/PV03_Ground_WaterSurface (522).bmp,PV03,PV03_Ground_WaterSurface
./dataset/images/PV03_Ground_WaterSurface (523).bmp,PV03,PV03_Ground_WaterSurface
./dataset/images/PV03_Ground_WaterSurface (524).bmp,PV03,PV03_Ground_WaterSurface
./dataset/images/PV03_Ground_WaterSurface (525).bmp,PV03,PV03_Ground_WaterSurface
./dataset/images/PV03_Ground_WaterSurface (526).bmp,PV03,PV03_Ground_WaterSurface
./dataset/images/PV03_Ground_WaterSurface (527).bmp,PV03,PV03_Ground_WaterSurface
./dataset/images/PV03_Ground_WaterSurface (528).bmp,PV03,PV03_Ground_WaterSurface
./dataset/images/PV03_Ground_WaterSurface (529).bmp,PV03,PV03_Ground_WaterSurface
./dataset/images/PV03_Ground_WaterSurface (530).bmp,PV03,PV03_Ground_WaterSurface
./dataset/images/PV03_Ground_WaterSurface (531).bmp,PV03,PV03_Ground_WaterSurface
./dataset/images/PV03_Ground_WaterSurface (532).bmp,PV03,PV03_Ground_WaterSurface
./dataset/images/PV03_Ground_WaterSurface (533).bmp,PV03,PV03_Ground_WaterSurface
./dataset/images/PV03_Ground_WaterSurface (534).bmp,PV03,PV03_Ground_WaterSurface
./dataset/images/PV03_Ground_WaterSurface (535).bmp,PV03,PV03_Ground_WaterSurface
./dataset/images/PV03_Ground_WaterSurface (536).bmp,PV03,PV03_Ground_WaterSurface
./dataset/images/PV03_Ground_WaterSurface (537).bmp,PV03,PV03_Ground_WaterSurface
./dataset/images/PV03_Ground_WaterSurface (538).bmp,PV03,PV03_Ground_WaterSurface
./dataset/images/PV03_Ground_WaterSurface (539).bmp,PV03,PV03_Ground_WaterSurface
./dataset/images/PV03_Ground_WaterSurface (540).bmp,PV03,PV03_Ground_WaterSurface
./dataset/images/PV03_Ground_WaterSurface (541).bmp,PV03,PV03_Ground_WaterSurface
./dataset/images/PV03_Ground_WaterSurface (542).bmp,PV03,PV03_Ground_WaterSurface
./dataset/images/PV03_Ground_WaterSurface (543).bmp,PV03,PV03_Ground_WaterSurface
./dataset/images/PV03_Ground_WaterSurface (544).bmp,PV03,PV03_Ground_WaterSurface
./dataset/images/PV03_Ground_WaterSurface (545).bmp,PV03,PV03_Ground_WaterSurface
./dataset/images/PV03_Ground_WaterSurface (546).bmp,PV03,PV03_Ground_WaterSurface
./dataset/images/PV03_Ground_WaterSurface (547).bmp,PV03,PV03_Ground_WaterSurface
./dataset/images/PV03_Ground_WaterSurface (548).bmp,PV03,PV03_Ground_WaterSurface
./dataset/images/PV03_Ground_WaterSurface (549).bmp,PV03,PV03_Ground_WaterSurface
./dataset/images/PV03_Ground_WaterSurface (550).bmp,PV03,PV03_Ground_WaterSurface
./dataset/images/PV03_Ground_WaterSurface (551).bmp,PV03,PV03_Ground_WaterSurface
./dataset/images/PV03_Ground_WaterSurface (552).bmp,PV03,PV03_Ground_WaterSurface
./dataset/images/PV03_Ground_WaterSurface (553).bmp,PV03,PV03_Ground_WaterSurface
./dataset/images/PV03_Ground_WaterSurface (554).bmp,PV03,PV03_Ground_WaterSurface
./dataset/images/PV03_Ground_WaterSurface (555).bmp,PV03,PV03_Ground_WaterSurface
./dataset/images/PV03_Ground_WaterSurface (556).bmp,PV03,PV03_Ground_WaterSurface
./dataset/images/PV03_Ground_WaterSurface (557).bmp,PV03,PV03_Ground_WaterSurface
./dataset/images/PV03_Ground_WaterSurface (558).bmp,PV03,PV03_Ground_WaterSurface
./dataset/images/PV03_Ground_WaterSurface (559).bmp,PV03,PV03_Ground_WaterSurface
./dataset/images/PV03_Ground_WaterSurface (560).bmp,PV03,PV03_Ground_WaterSurface
./dataset/images/PV03_Ground_WaterSurface (561).bmp,PV03,PV03_Ground_WaterSurface
./dataset/images/PV03_Ground_WaterSurface (562).bmp,PV03,PV03_Ground_WaterSurface
./dataset/images/PV03_Ground_WaterSurface (563).bmp,PV03,PV03_Ground_WaterSurface
./dataset/images/PV03_Ground_WaterSurface (564).bmp,PV03,PV03_Ground_WaterSurface
./dataset/images/PV03_Ground_WaterSurface (565).bmp,PV03,PV03_Ground_WaterSurface
./dataset/images/PV03_Ground_WaterSurface (566).bmp,PV03,PV03_Ground_WaterSurface
./dataset/images/PV03_Ground_WaterSurface (567).bmp,PV03,PV03_Ground_WaterSurface
./dataset/images/PV03_Ground_WaterSurface (568).bmp,PV03,PV03_Ground_WaterSurface
./dataset/images/PV03_Ground_WaterSurface (569).bmp,PV03,PV03_Ground_WaterSurface
./dataset/images/PV03_Ground_WaterSurface (570).bmp,PV03,PV03_Ground_WaterSurface
./dataset/images/PV03_Ground_WaterSurface (571).bmp,PV03,PV03_Ground_WaterSurface
./dataset/images/PV03_Ground_WaterSurface (572).bmp,PV03,PV03_Ground_WaterSurface
./dataset/images/PV03_Ground_WaterSurface (573).bmp,PV03,PV03_Ground_WaterSurface
./dataset/images/PV03_Ground_WaterSurface (574).bmp,PV03,PV03_Ground_WaterSurface
./dataset/images/PV03_Ground_WaterSurface (575).bmp,PV03,PV03_Ground_WaterSurface
./dataset/images/PV03_Ground_WaterSurface (576).bmp,PV03,PV03_Ground_WaterSurface
./dataset/images/PV03_Ground_WaterSurface (577).bmp,PV03,PV03_Ground_WaterSurface
./dataset/images/PV03_Ground_WaterSurface (578).bmp,PV03,PV03_Ground_WaterSurface
./dataset/images/PV03_Ground_WaterSurface (579).bmp,PV03,PV03_Ground_WaterSurface
./dataset/images/PV03_Ground_WaterSurface (580).bmp,PV03,PV03_Ground_WaterSurface
./dataset/images/PV03_Ground_WaterSurface (581).bmp,PV03,PV03_Ground_WaterSurface
./dataset/images/PV03_Ground_WaterSurface (582).bmp,PV03,PV03_Ground_WaterSurface
./dataset/images/PV03_Ground_WaterSurface (583).bmp,PV03,PV03_Ground_WaterSurface
./dataset/images/PV03_Ground_WaterSurface (584).bmp,PV03,PV03_Ground_WaterSurface
./dataset/images/PV03_Ground_WaterSurface (585).bmp,PV03,PV03_Ground_WaterSurface
./dataset/images/PV03_Ground_WaterSurface (586).bmp,PV03,PV03_Ground_WaterSurface
./dataset/images/PV03_Ground_WaterSurface (587).bmp,PV03,PV03_Ground_WaterSurface
./dataset/images/PV03_Ground_WaterSurface (588).bmp,PV03,PV03_Ground_WaterSurface
./dataset/images/PV03_Ground_WaterSurface (589).bmp,PV03,PV03_Ground_WaterSurface
./dataset/images/PV03_Ground_WaterSurface (590).bmp,PV03,PV03_Ground_WaterSurface
./dataset/images/PV03_Ground_WaterSurface (591).bmp,PV03,PV03_Ground_WaterSurface
./dataset/images/PV03_Ground_WaterSurface (592).bmp,PV03,PV03_Ground_WaterSurface
./dataset/images/PV03_Ground_WaterSurface (593).bmp,PV03,PV03_Ground_WaterSurface
./dataset/images/PV03_Ground_WaterSurface (594).bmp,PV03,PV03_Ground_WaterSurface
./dataset/images/PV03_Ground_WaterSurface (595).bmp,PV03,PV03_Ground_WaterSurface
./dataset/images/PV03_Ground_WaterSurface (596).bmp,PV03,PV03_Ground_WaterSurface
./dataset/images/PV03_Ground_WaterSurface (597).bmp,PV03,PV03_Ground_WaterSurface
./dataset/images/PV03_Ground_WaterSurface (598).bmp,PV03,PV03_Ground_WaterSurface
./dataset/images/PV03_Ground_WaterSurface (599).bmp,PV03,PV03_Ground_WaterSurface
./dataset/images/PV03_Ground_WaterSurface (600).bmp,PV03,PV03_Ground_WaterSurface
./dataset/images/PV03_Ground_WaterSurface (601).bmp,PV03,PV03_Ground_WaterSurface
./dataset/images/PV03_Ground_WaterSurface (602).bmp,PV03,PV03_Ground_WaterSurface
./dataset/images/PV03_Ground_WaterSurface (603).bmp,PV03,PV03_Ground_WaterSurface
./dataset/images/PV03_Ground_WaterSurface (604).bmp,PV03,PV03_Ground_WaterSurface
./dataset/images/PV03_Ground_WaterSurface (605).bmp,PV03,PV03_Ground_WaterSurface
./dataset/images/PV03_Ground_WaterSurface (606).bmp,PV03,PV03_Ground_WaterSurface
./dataset/images/PV03_Ground_WaterSurface (607).bmp,PV03,PV03_Ground_WaterSurface
./dataset/images/PV03_Ground_WaterSurface (608).bmp,PV03,PV03_Ground_WaterSurface
./dataset/images/PV03_Ground_WaterSurface (609).bmp,PV03,PV03_Ground_WaterSurface
./dataset/images/PV03_Ground_WaterSurface (610).bmp,PV03,PV03_Ground_WaterSurface
./dataset/images/PV03_Ground_WaterSurface (611).bmp,PV03,PV03_Ground_WaterSurface
./dataset/images/PV03_Ground_WaterSurface (612).bmp,PV03,PV03_Ground_WaterSurface
./dataset/images/PV03_Ground_WaterSurface (613).bmp,PV03,PV03_Ground_WaterSurface
./dataset/images/PV03_Ground_WaterSurface (614).bmp,PV03,PV03_Ground_WaterSurface
./dataset/images/PV03_Ground_WaterSurface (615).bmp,PV03,PV03_Ground_WaterSurface
./dataset/images/PV03_Ground_WaterSurface (616).bmp,PV03,PV03_Ground_WaterSurface
./dataset/images/PV03_Ground_WaterSurface (617).bmp,PV03,PV03_Ground_WaterSurface
./dataset/images/PV03_Ground_WaterSurface (618).bmp,PV03,PV03_Ground_WaterSurface
./dataset/images/PV03_Ground_WaterSurface (619).bmp,PV03,PV03_Ground_WaterSurface
./dataset/images/PV03_Ground_WaterSurface (620).bmp,PV03,PV03_Ground_WaterSurface
./dataset/images/PV03_Ground_WaterSurface (621).bmp,PV03,PV03_Ground_WaterSurface
./dataset/images/PV03_Ground_WaterSurface (622).bmp,PV03,PV03_Ground_WaterSurface
./dataset/images/PV03_Ground_WaterSurface (623).bmp,PV03,PV03_Ground_WaterSurface
./dataset/images/PV03_Ground_WaterSurface (624).bmp,PV03,PV03_Ground_WaterSurface
./dataset/images/PV03_Ground_WaterSurface (625).bmp,PV03,PV03_Ground_WaterSurface
./dataset/images/PV03_Rooftop (163).bmp,PV03,PV03_Rooftop
./dataset/images/PV03_Rooftop (164).bmp,PV03,PV03_Rooftop
./dataset/images/PV03_Rooftop (165).bmp,PV03,PV03_Rooftop
./dataset/images/PV03_Rooftop (166).bmp,PV03,PV03_Rooftop
./dataset/images/PV03_Rooftop (167).bmp,PV03,PV03_Rooftop
./dataset/images/PV03_Rooftop (168).bmp,PV03,PV03_Rooftop
./dataset/images/PV03_Rooftop (169).bmp,PV03,PV03_Rooftop
./dataset/images/PV03_Rooftop (170).bmp,PV03,PV03_Rooftop
./dataset/images/PV03_Rooftop (171).bmp,PV03,PV03_Rooftop
./dataset/images/PV03_Rooftop (172).bmp,PV03,PV03_Rooftop
./dataset/images/PV03_Rooftop (173).bmp,PV03,PV03_Rooftop
./dataset/images/PV03_Rooftop (174).bmp,PV03,PV03_Rooftop
./dataset/images/PV03_Rooftop (175).bmp,PV03,PV03_Rooftop
./dataset/images/PV03_Rooftop (176).bmp,PV03,PV03_Rooftop
./dataset/images/PV03_Rooftop (177).bmp,PV03,PV03_Rooftop
./dataset/images/PV03_Rooftop (178).bmp,PV03,PV03_Rooftop
./dataset/images/PV03_Rooftop (179).bmp,PV03,PV03_Rooftop
./dataset/images/PV03_Rooftop (180).bmp,PV03,PV03_Rooftop
./dataset/images/PV03_Rooftop (181).bmp,PV03,PV03_Rooftop
./dataset/images/PV03_Rooftop (182).bmp,PV03,PV03_Rooftop
./dataset/images/PV03_Rooftop (183).bmp,PV03,PV03_Rooftop
./dataset/images/PV03_Rooftop (184).bmp,PV03,PV03_Rooftop
./dataset/images/PV03_Rooftop (185).bmp,PV03,PV03_Rooftop
./dataset/images/PV03_Rooftop (186).bmp,PV03,PV03_Rooftop
./dataset/images/PV03_Rooftop (187).bmp,PV03,PV03_Rooftop
./dataset/images/PV03_Rooftop (188).bmp,PV03,PV03_Rooftop
./dataset/images/PV03_Rooftop (189).bmp,PV03,PV03_Rooftop
./dataset/images/PV03_Rooftop (190).bmp,PV03,PV03_Rooftop
./dataset/images/PV03_Rooftop (191).bmp,PV03,PV03_Rooftop
./dataset/images/PV03_Rooftop (192).bmp,PV03,PV03_Rooftop
./dataset/images/PV03_Rooftop (193).bmp,PV03,PV03_Rooftop
./dataset/images/PV03_Rooftop (194).bmp,PV03,PV03_Rooftop
./dataset/images/PV03_Rooftop (195).bmp,PV03,PV03_Rooftop
./dataset/images/PV03_Rooftop (196).bmp,PV03,PV03_Rooftop
./dataset/images/PV03_Rooftop (197).bmp,PV03,PV03_Rooftop
./dataset/images/PV03_Rooftop (198).bmp,PV03,PV03_Rooftop
./dataset/images/PV03_Rooftop (199).bmp,PV03,PV03_Rooftop
./dataset/images/PV03_Rooftop (200).bmp,PV03,PV03_Rooftop
./dataset/images/PV03_Rooftop (201).bmp,PV03,PV03_Rooftop
./dataset/images/PV03_Rooftop (202).bmp,PV03,PV03_Rooftop
./dataset/images/PV03_Rooftop (203).bmp,PV03,PV03_Rooftop
./dataset/images/PV03_Rooftop (204).bmp,PV03,PV03_Rooftop
./dataset/images/PV03_Rooftop (205).bmp,PV03,PV03_Rooftop
./dataset/images/PV03_Rooftop (206).bmp,PV03,PV03_Rooftop
./dataset/images/PV03_Rooftop (207).bmp,PV03,PV03_Rooftop
./dataset/images/PV03_Rooftop (208).bmp,PV03,PV03_Rooftop
./dataset/images/PV03_Rooftop (209).bmp,PV03,PV03_Rooftop
./dataset/images/PV03_Rooftop (210).bmp,PV03,PV03_Rooftop
./dataset/images/PV03_Rooftop (211).bmp,PV03,PV03_Rooftop
./dataset/images/PV03_Rooftop (212).bmp,PV03,PV03_Rooftop
./dataset/images/PV03_Rooftop (213).bmp,PV03,PV03_Rooftop
./dataset/images/PV03_Rooftop (214).bmp,PV03,PV03_Rooftop
./dataset/images/PV03_Rooftop (215).bmp,PV03,PV03_Rooftop
./dataset/images/PV03_Rooftop (216).bmp,PV03,PV03_Rooftop
./dataset/images/PV03_Rooftop (217).bmp,PV03,PV03_Rooftop
./dataset/images/PV03_Rooftop (218).bmp,PV03,PV03_Rooftop
./dataset/images/PV03_Rooftop (219).bmp,PV03,PV03_Rooftop
./dataset/images/PV03_Rooftop (220).bmp,PV03,PV03_Rooftop
./dataset/images/PV03_Rooftop (221).bmp,PV03,PV03_Rooftop
./dataset/images/PV03_Rooftop (222).bmp,PV03,PV03_Rooftop
./dataset/images/PV03_Rooftop (223).bmp,PV03,PV03_Rooftop
./dataset/images/PV03_Rooftop (224).bmp,PV03,PV03_Rooftop
./dataset/images/PV03_Rooftop (225).bmp,PV03,PV03_Rooftop
./dataset/images/PV03_Rooftop (226).bmp,PV03,PV03_Rooftop
./dataset/images/PV03_Rooftop (227).bmp,PV03,PV03_Rooftop
./dataset/images/PV03_Rooftop (228).bmp,PV03,PV03_Rooftop
./dataset/images/PV03_Rooftop (229).bmp,PV03,PV03_Rooftop
./dataset/images/PV03_Rooftop (230).bmp,PV03,PV03_Rooftop
./dataset/images/PV03_Rooftop (231).bmp,PV03,PV03_Rooftop
./dataset/images/PV03_Rooftop (232).bmp,PV03,PV03_Rooftop
./dataset/images/PV03_Rooftop (233).bmp,PV03,PV03_Rooftop
./dataset/images/PV03_Rooftop (234).bmp,PV03,PV03_Rooftop
./dataset/images/PV03_Rooftop (235).bmp,PV03,PV03_Rooftop
./dataset/images/PV03_Rooftop (236).bmp,PV03,PV03_Rooftop
./dataset/images/PV08_Ground (522).bmp,PV08,PV08_Ground
./dataset/images/PV08_Ground (523).bmp,PV08,PV08_Ground
./dataset/images/PV08_Ground (524).bmp,PV08,PV08_Ground
./dataset/images/PV08_Ground (525).bmp,PV08,PV08_Ground
./dataset/images/PV08_Ground (526).bmp,PV08,PV08_Ground
./dataset/images/PV08_Ground (527).bmp,PV08,PV08_Ground
./dataset/images/PV08_Ground (528).bmp,PV08,PV08_Ground
./dataset/images/PV08_Ground (529).bmp,PV08,PV08_Ground
./dataset/images/PV08_Ground (530).bmp,PV08,PV08_Ground
./dataset/images/PV08_Ground (531).bmp,PV08,PV08_Ground
./dataset/images/PV08_Ground (532).bmp,PV08,PV08_Ground
./dataset/images/PV08_Ground (533).bmp,PV08,PV08_Ground
./dataset/images/PV08_Ground (534).bmp,PV08,PV08_Ground
./dataset/images/PV08_Ground (535).bmp,PV08,PV08_Ground
./dataset/images/PV08_Ground (536).bmp,PV08,PV08_Ground
./dataset/images/PV08_Ground (537).bmp,PV08,PV08_Ground
./dataset/images/PV08_Ground (538).bmp,PV08,PV08_Ground
./dataset/images/PV08_Ground (539).bmp,PV08,PV08_Ground
./dataset/images/PV08_Ground (540).bmp,PV08,PV08_Ground
./dataset/images/PV08_Ground (541).bmp,PV08,PV08_Ground
./dataset/images/PV08_Ground (542).bmp,PV08,PV08_Ground
./dataset/images/PV08_Ground (543).bmp,PV08,PV08_Ground
./dataset/images/PV08_Ground (544).bmp,PV08,PV08_Ground
./dataset/images/PV08_Ground (545).bmp,PV08,PV08_Ground
./dataset/images/PV08_Ground (546).bmp,PV08,PV08_Ground
./dataset/images/PV08_Ground (547).bmp,PV08,PV08_Ground
./dataset/images/PV08_Ground (548).bmp,PV08,PV08_Ground
./dataset/images/PV08_Ground (549).bmp,PV08,PV08_Ground
./dataset/images/PV08_Ground (550).bmp,PV08,PV08_Ground
./dataset/images/PV08_Ground (551).bmp,PV08,PV08_Ground
./dataset/images/PV08_Ground (552).bmp,PV08,PV08_Ground
./dataset/images/PV08_Ground (553).bmp,PV08,PV08_Ground
./dataset/images/PV08_Ground (554).bmp,PV08,PV08_Ground
./dataset/images/PV08_Ground (555).bmp,PV08,PV08_Ground
./dataset/images/PV08_Ground (556).bmp,PV08,PV08_Ground
./dataset/images/PV08_Ground (557).bmp,PV08,PV08_Ground
./dataset/images/PV08_Ground (558).bmp,PV08,PV08_Ground
./dataset/images/PV08_Ground (559).bmp,PV08,PV08_Ground
./dataset/images/PV08_Ground (560).bmp,PV08,PV08_Ground
./dataset/images/PV08_Ground (561).bmp,PV08,PV08_Ground
./dataset/images/PV08_Ground (562).bmp,PV08,PV08_Ground
./dataset/images/PV08_Ground (563).bmp,PV08,PV08_Ground
./dataset/images/PV08_Ground (564).bmp,PV08,PV08_Ground
./dataset/images/PV08_Ground (565).bmp,PV08,PV08_Ground
./dataset/images/PV08_Ground (566).bmp,PV08,PV08_Ground
./dataset/images/PV08_Ground (567).bmp,PV08,PV08_Ground
./dataset/images/PV08_Ground (568).bmp,PV08,PV08_Ground
./dataset/images/PV08_Ground (569).bmp,PV08,PV08_Ground
./dataset/images/PV08_Ground (570).bmp,PV08,PV08_Ground
./dataset/images/PV08_Ground (571).bmp,PV08,PV08_Ground
./dataset/images/PV08_Ground (572).bmp,PV08,PV08_Ground
./dataset/images/PV08_Ground (573).bmp,PV08,PV08_Ground
./dataset/images/PV08_Ground (574).bmp,PV08,PV08_Ground
./dataset/images/PV08_Ground (575).bmp,PV08,PV08_Ground
./dataset/images/PV08_Ground (576).bmp,PV08,PV08_Ground
./dataset/images/PV08_Ground (577).bmp,PV08,PV08_Ground
./dataset/images/PV08_Ground (578).bmp,PV08,PV08_Ground
./dataset/images/PV08_Ground (579).bmp,PV08,PV08_Ground
./dataset/images/PV08_Ground (580).bmp,PV08,PV08_Ground
./dataset/images/PV08_Ground (581).bmp,PV08,PV08_Ground
./dataset/images/PV08_Ground (582).bmp,PV08,PV08_Ground
./dataset/images/PV08_Ground (583).bmp,PV08,PV08_Ground
./dataset/images/PV08_Ground (584).bmp,PV08,PV08_Ground
./dataset/images/PV08_Ground (585).bmp,PV08,PV08_Ground
./dataset/images/PV08_Ground (586).bmp,PV08,PV08_Ground
./dataset/images/PV08_Ground (587).bmp,PV08,PV08_Ground
./dataset/images/PV08_Ground (588).bmp,PV08,PV08_Ground
./dataset/images/PV08_Ground (589).bmp,PV08,PV08_Ground
./dataset/images/PV08_Ground (590).bmp,PV08,PV08_Ground
./dataset/images/PV08_Ground (591).bmp,PV08,PV08_Ground
./dataset/images/PV08_Ground (592).bmp,PV08,PV08_Ground
./dataset/images/PV08_Ground (593).bmp,PV08,PV08_Ground
./dataset/images/PV08_Ground (594).bmp,PV08,PV08_Ground
./dataset/images/PV08_Ground (595).bmp,PV08,PV08_Ground
./dataset/images/PV08_Ground (596).bmp,PV08,PV08_Ground
./dataset/images/PV08_Ground (597).bmp,PV08,PV08_Ground
./dataset/images/PV08_Ground (598).bmp,PV08,PV08_Ground
./dataset/images/PV08_Ground (599).bmp,PV08,PV08_Ground
./dataset/images/PV08_Ground (600).bmp,PV08,PV08_Ground
./dataset/images/PV08_Ground (601).bmp,PV08,PV08_Ground
./dataset/images/PV08_Ground (602).bmp,PV08,PV08_Ground
./dataset/images/PV08_Ground (603).bmp,PV08,PV08_Ground
./dataset/images/PV08_Ground (604).bmp,PV08,PV08_Ground
./dataset/images/PV08_Ground (605).bmp,PV08,PV08_Ground
./dataset/images/PV08_Ground (606).bmp,PV08,PV08_Ground
./dataset/images/PV08_Ground (607).bmp,PV08,PV08_Ground
./dataset/images/PV08_Ground (608).bmp,PV08,PV08_Ground
./dataset/images/PV08_Ground (609).bmp,PV08,PV08_Ground
./dataset/images/PV08_Ground (610).bmp,PV08,PV08_Ground
./dataset/images/PV08_Ground (611).bmp,PV08,PV08_Ground
./dataset/images/PV08_Ground (612).bmp,PV08,PV08_Ground
./dataset/images/PV08_Ground (613).bmp,PV08,PV08_Ground
./dataset/images/PV08_Ground (614).bmp,PV08,PV08_Ground
./dataset/images/PV08_Ground (615).bmp,PV08,PV08_Ground
./dataset/images/PV08_Ground (616).bmp,PV08,PV08_Ground
./dataset/images/PV08_Ground (617).bmp,PV08,PV08_Ground
./dataset/images/PV08_Ground (618).bmp,PV08,PV08_Ground
./dataset/images/PV08_Ground (619).bmp,PV08,PV08_Ground
./dataset/images/PV08_Ground (620).bmp,PV08,PV08_Ground
./dataset/images/PV08_Ground (621).bmp,PV08,PV08_Ground
./dataset/images/PV08_Ground (622).bmp,PV08,PV08_Ground
./dataset/images/PV08_Ground (623).bmp,PV08,PV08_Ground
./dataset/images/PV08_Ground (624).bmp,PV08,PV08_Ground
./dataset/images/PV08_Ground (625).bmp,PV08,PV08_Ground
./dataset/images/PV08_Ground (626).bmp,PV08,PV08_Ground
./dataset/images/PV08_Ground (627).bmp,PV08,PV08_Ground
./dataset/images/PV08_Ground (628).bmp,PV08,PV08_Ground
./dataset/images/PV08_Ground (629).bmp,PV08,PV08_Ground
./dataset/images/PV08_Ground (630).bmp,PV08,PV08_Ground
./dataset/images/PV08_Ground (631).bmp,PV08,PV08_Ground
./dataset/images/PV08_Ground (632).bmp,PV08,PV08_Ground
./dataset/images/PV08_Ground (633).bmp,PV08,PV08_Ground
./dataset/images/PV08_Ground (634).bmp,PV08,PV08_Ground
./dataset/images/PV08_Ground (635).bmp,PV08,PV08_Ground
./dataset/images/PV08_Ground (636).bmp,PV08,PV08_Ground
./dataset/images/PV08_Ground (637).bmp,PV08,PV08_Ground
./dataset/images/PV08_Ground (638).bmp,PV08,PV08_Ground
./dataset/images/PV08_Ground (639).bmp,PV08,PV08_Ground
./dataset/images/PV08_Ground (640).bmp,PV08,PV08_Ground
./dataset/images/PV08_Ground (641).bmp,PV08,PV08_Ground
./dataset/images/PV08_Ground (642).bmp,PV08,PV08_Ground
./dataset/images/PV08_Ground (643).bmp,PV08,PV08_Ground
./dataset/images/PV08_Ground (644).bmp,PV08,PV08_Ground
./dataset/images/PV08_Ground (645).bmp,PV08,PV08_Ground
./dataset/images/PV08_Ground (646).bmp,PV08,PV08_Ground
./dataset/images/PV08_Ground (647).bmp,PV08,PV08_Ground
./dataset/images/PV08_Ground (648).bmp,PV08,PV08_Ground
./dataset/images/PV08_Ground (649).bmp,PV08,PV08_Ground
./dataset/images/PV08_Ground (650).bmp,PV08,PV08_Ground
./dataset/images/PV08_Ground (651).bmp,PV08,PV08_Ground
./dataset/images/PV08_Ground (652).bmp,PV08,PV08_Ground
./dataset/images/PV08_Ground (653).bmp,PV08,PV08_Ground
./dataset/images/PV08_Ground (654).bmp,PV08,PV08_Ground
./dataset/images/PV08_Ground (655).bmp,PV08,PV08_Ground
./dataset/images/PV08_Ground (656).bmp,PV08,PV08_Ground
./dataset/images/PV08_Ground (657).bmp,PV08,PV08_Ground
./dataset/images/PV08_Ground (658).bmp,PV08,PV08_Ground
./dataset/images/PV08_Ground (659).bmp,PV08,PV08_Ground
./dataset/images/PV08_Ground (660).bmp,PV08,PV08_Ground
./dataset/images/PV08_Ground (661).bmp,PV08,PV08_Ground
./dataset/images/PV08_Ground (662).bmp,PV08,PV08_Ground
./dataset/images/PV08_Ground (663).bmp,PV08,PV08_Ground
./dataset/images/PV08_Ground (664).bmp,PV08,PV08_Ground
./dataset/images/PV08_Ground (665).bmp,PV08,PV08_Ground
./dataset/images/PV08_Ground (666).bmp,PV08,PV08_Ground
./dataset/images/PV08_Ground (667).bmp,PV08,PV08_Ground
./dataset/images/PV08_Ground (668).bmp,PV08,PV08_Ground
./dataset/images/PV08_Ground (669).bmp,PV08,PV08_Ground
./dataset/images/PV08_Ground (670).bmp,PV08,PV08_Ground
./dataset/images/PV08_Ground (671).bmp,PV08,PV08_Ground
./dataset/images/PV08_Ground (672).bmp,PV08,PV08_Ground
./dataset/images/PV08_Ground (673).bmp,PV08,PV08_Ground
./dataset/images/PV08_Rooftop (73).bmp,PV08,PV08_Rooftop
./dataset/images/PV08_Rooftop (74).bmp,PV08,PV08_Rooftop
./dataset/images/PV08_Rooftop (75).bmp,PV08,PV08_Rooftop
./dataset/images/PV08_Rooftop (76).bmp,PV08,PV08_Rooftop
./dataset/images/PV08_Rooftop (77).bmp,PV08,PV08_Rooftop
./dataset/images/PV08_Rooftop (78).bmp,PV08,PV08_Rooftop
./dataset/images/PV08_Rooftop (79).bmp,PV08,PV08_Rooftop
./dataset/images/PV08_Rooftop (80).bmp,PV08,PV08_Rooftop
./dataset/images/PV08_Rooftop (81).bmp,PV08,PV08_Rooftop
./dataset/images/PV08_Rooftop (82).bmp,PV08,PV08_Rooftop
./dataset/images/PV08_Rooftop (83).bmp,PV08,PV08_Rooftop
./dataset/images/PV08_Rooftop (84).bmp,PV08,PV08_Rooftop
./dataset/images/PV08_Rooftop (85).bmp,PV08,PV08_Rooftop
./dataset/images/PV08_Rooftop (86).bmp,PV08,PV08_Rooftop
./dataset/images/PV08_Rooftop (87).bmp,PV08,PV08_Rooftop
./dataset/images/PV08_Rooftop (88).bmp,PV08,PV08_Rooftop
./dataset/images/PV08_Rooftop (89).bmp,PV08,PV08_Rooftop
./dataset/images/PV08_Rooftop (90).bmp,PV08,PV08_Rooftop
